title,url,time_published,authors,summary,banner_image,source,category_within_source,source_domain,topics,overall_sentiment_score,overall_sentiment_label,ticker_sentiment
"Bitcoin, Ethereum, Dogecoin Mixed As BTC Dominance Soars Above 50%: Analyst Says Solana Poised To Touch All-Time Highs Past This Key Level",https://www.benzinga.com/markets/cryptocurrency/23/07/33110531/bitcoin-ethereum-dogecoin-mixed-as-btc-dominance-soars-above-50-analyst-says-solana-poised,20230705T024628,['Mehab Qureshi'],"Major cryptocurrencies traded mixed on Tuesday evening as the Bitcoin dominance level reached its highest point since April 2021, surpassing 50%. At the time of publishing, BTC dominance hovered at 49.51%, according to CoinMarketCap data.",https://cdn.benzinga.com/files/images/story/2023/Crypto_Photo_by_Wit_Olszewski_on_Shutterstock_5.jpeg?width=1200&height=800&fit=crop,Benzinga,Markets,www.benzinga.com,"[{'topic': 'Finance', 'relevance_score': '1.0'}, {'topic': 'Blockchain', 'relevance_score': '0.451494'}, {'topic': 'Financial Markets', 'relevance_score': '0.744043'}]",0.158577,Somewhat-Bullish,"[{'ticker': 'BLK', 'relevance_score': '0.1331', 'ticker_sentiment_score': '0.238503', 'ticker_sentiment_label': 'Somewhat-Bullish'}, {'ticker': 'CRYPTO:BTC', 'relevance_score': '0.597963', 'ticker_sentiment_score': '0.385198', 'ticker_sentiment_label': 'Bullish'}, {'ticker': 'CRYPTO:ETH', 'relevance_score': '0.38489', 'ticker_sentiment_score': '0.018596', 'ticker_sentiment_label': 'Neutral'}]"
Is DCA the Way? Diligent Bitcoin Buyers Declared Back in the Black,https://decrypt.co/147319/dca-dollar-cost-averaging-bitcoin-buyers-profit,20230704T213926,['Decrypt / Andrew Throuvalas'],"Dollar cost averaging is a profitable strategy for all committed Bitcoin savers, data shows.",https://cdn.decrypt.co/resize/1024/height/512/wp-content/uploads/2023/06/bitcoin-btc-coins-with-stock-charts-in-background-gID_7.jpg,Decrypt.co,n/a,decrypt.co,"[{'topic': 'Technology', 'relevance_score': '1.0'}, {'topic': 'Blockchain', 'relevance_score': '0.310843'}, {'topic': 'Financial Markets', 'relevance_score': '0.684621'}]",0.205501,Somewhat-Bullish,"[{'ticker': 'MSTR', 'relevance_score': '0.105604', 'ticker_sentiment_score': '0.09608', 'ticker_sentiment_label': 'Neutral'}, {'ticker': 'CRYPTO:BTC', 'relevance_score': '0.888822', 'ticker_sentiment_score': '0.422913', 'ticker_sentiment_label': 'Bullish'}]"
"Ethereum Retraces On Below Average Volume: The Bull, Bear Case For The Crypto",https://www.benzinga.com/markets/cryptocurrency/23/07/33109672/ethereum-retraces-on-below-average-volume-the-bull-bear-case-for-the-crypto,20230704T201327,['Melanie Schaffer'],"Ethereum ETH/USD was edging about 1% lower during Tuesday's 24-hour trading session after breaking up from a sideways pattern on Monday, which Benzinga pointed out Friday was likely to occur. The crypto was trading in tandem with Bitcoin, which was also retracing Tuesday after spiking up about 2% ...",https://cdn.benzinga.com/files/images/story/2023/07/04/ethereum-g20c9295fc_1920.jpg?width=1200&height=800&fit=crop,Benzinga,Trading,www.benzinga.com,"[{'topic': 'Financial Markets', 'relevance_score': '0.266143'}]",0.039144,Neutral,"[{'ticker': 'CRYPTO:BTC', 'relevance_score': '0.112008', 'ticker_sentiment_score': '0.0', 'ticker_sentiment_label': 'Neutral'}, {'ticker': 'CRYPTO:ETH', 'relevance_score': '0.795061', 'ticker_sentiment_score': '0.041239', 'ticker_sentiment_label': 'Neutral'}]"
Can anything pop the everything bubble?,https://www.economist.com/finance-and-economics/2023/07/04/can-anything-pop-the-everything-bubble,20230704T192324,[],Risky assets are proving extraordinarily resilient to threats ...,https://www.economist.com/img/b/1280/720/90/media-assets/image/20230708_FNP501.jpg,The Economist,Finance,www.economist.com,"[{'topic': 'Economy - Monetary', 'relevance_score': '0.682689'}, {'topic': 'Financial Markets', 'relevance_score': '0.77141'}, {'topic': 'Earnings', 'relevance_score': '0.158519'}, {'topic': 'Finance', 'relevance_score': '1.0'}, {'topic': 'Blockchain', 'relevance_score': '0.451494'}]",-0.027322,Neutral,"[{'ticker': 'BAC', 'relevance_score': '0.051999', 'ticker_sentiment_score': '-0.040099', 'ticker_sentiment_label': 'Neutral'}, {'ticker': 'CRYPTO:BTC', 'relevance_score': '0.051999', 'ticker_sentiment_score': '0.137844', 'ticker_sentiment_label': 'Neutral'}]"
Here's Why You Should Hold on to Fidelity National  ( FIS )  Stock,https://www.zacks.com/stock/news/2116663/heres-why-you-should-hold-on-to-fidelity-national-fis-stock,20230704T170900,['Zacks Investment Research'],"Improving financial services activity, growth in the e-commerce front and modernization efforts poise Fidelity National (FIS) well for growth.",https://staticx-tuner.zacks.com/images/articles/main/57/1521.jpg,Zacks Commentary,n/a,www.zacks.com,"[{'topic': 'Financial Markets', 'relevance_score': '0.214378'}, {'topic': 'Earnings', 'relevance_score': '0.99237'}, {'topic': 'Technology', 'relevance_score': '1.0'}, {'topic': 'Blockchain', 'relevance_score': '0.310843'}]",0.315271,Somewhat-Bullish,"[{'ticker': 'III', 'relevance_score': '0.051663', 'ticker_sentiment_score': '0.161918', 'ticker_sentiment_label': 'Somewhat-Bullish'}, {'ticker': 'FIS', 'relevance_score': '0.302553', 'ticker_sentiment_score': '0.340841', 'ticker_sentiment_label': 'Somewhat-Bullish'}, {'ticker': 'WEX', 'relevance_score': '0.103109', 'ticker_sentiment_score': '0.018369', 'ticker_sentiment_label': 'Neutral'}, {'ticker': 'V', 'relevance_score': '0.103109', 'ticker_sentiment_score': '0.018369', 'ticker_sentiment_label': 'Neutral'}, {'ticker': 'PSFE', 'relevance_score': '0.103109', 'ticker_sentiment_score': '0.018369', 'ticker_sentiment_label': 'Neutral'}, {'ticker': 'CRYPTO:BTC', 'relevance_score': '0.051663', 'ticker_sentiment_score': '0.183518', 'ticker_sentiment_label': 'Somewhat-Bullish'}]"
Bitcoin ETFs: Even worse for crypto than central exchanges,https://cointelegraph.com/news/bitcoin-etfs-even-worse-for-crypto-than-central-exchanges,20230704T160645,[],"Want some worthless ""paper"" Bitcoin? With the rise of Bitcoin ETFs, you might soon have the chance to invest in something as worthless as the U.S. dollar.",https://images.cointelegraph.com/images/1200_aHR0cHM6Ly9zMy5jb2ludGVsZWdyYXBoLmNvbS91cGxvYWRzLzIwMjMtMDcvODVhNjViNzQtZDIyNS00OWE0LTg4NDgtZTlmNDFmZmQwZmZiLmpwZw==.jpg,Cointelegraph,n/a,cointelegraph.com,"[{'topic': 'Economy - Monetary', 'relevance_score': '0.310843'}, {'topic': 'Financial Markets', 'relevance_score': '0.938238'}, {'topic': 'Technology', 'relevance_score': '0.5'}, {'topic': 'Finance', 'relevance_score': '0.5'}]",-0.009809,Neutral,"[{'ticker': 'BLK', 'relevance_score': '0.055236', 'ticker_sentiment_score': '0.11399', 'ticker_sentiment_label': 'Neutral'}, {'ticker': 'FRBA', 'relevance_score': '0.055236', 'ticker_sentiment_score': '0.11399', 'ticker_sentiment_label': 'Neutral'}, {'ticker': 'CRYPTO:BTC', 'relevance_score': '0.98151', 'ticker_sentiment_score': '0.0', 'ticker_sentiment_label': 'Neutral'}, {'ticker': 'CRYPTO:ETH', 'relevance_score': '0.110209', 'ticker_sentiment_score': '0.12648', 'ticker_sentiment_label': 'Neutral'}, {'ticker': 'CRYPTO:BCH', 'relevance_score': '0.055236', 'ticker_sentiment_score': '-0.118532', 'ticker_sentiment_label': 'Neutral'}]"
"Dogecoin Shows Strength Compared To Bitcoin And Ethereum, Looks To Confirm New Trend",https://www.benzinga.com/markets/cryptocurrency/23/07/33108587/dogecoin-shows-strength-compared-to-bitcoin-and-ethereum-looks-to-confirm-new-trend,20230704T155419,['Melanie Schaffer'],"Dogecoin DOGE/USD was popping up about 3% on Tuesday, attempting to break up from a double inside bar pattern on the daily chart. The Shiba Inu-themed crypto was showing strength compared to Bitcoin and Ethereum, which were trading slightly lower in consolidation following bullish days on Monday.",https://cdn.benzinga.com/files/images/story/2023/07/04/dogecoin-6363104_1920.jpg?width=1200&height=800&fit=crop,Benzinga,Trading,www.benzinga.com,"[{'topic': 'Financial Markets', 'relevance_score': '0.413559'}]",0.012135,Neutral,"[{'ticker': 'CRYPTO:BTC', 'relevance_score': '0.109455', 'ticker_sentiment_score': '0.205246', 'ticker_sentiment_label': 'Somewhat-Bullish'}, {'ticker': 'CRYPTO:ETH', 'relevance_score': '0.109455', 'ticker_sentiment_score': '0.205246', 'ticker_sentiment_label': 'Somewhat-Bullish'}, {'ticker': 'CRYPTO:SHIB', 'relevance_score': '0.109455', 'ticker_sentiment_score': '0.205246', 'ticker_sentiment_label': 'Somewhat-Bullish'}, {'ticker': 'CRYPTO:DOGE', 'relevance_score': '0.869914', 'ticker_sentiment_score': '-0.120743', 'ticker_sentiment_label': 'Neutral'}]"
"Bitcoin Consolidates Under Heavy Resistance, Prints Bullish Pattern: A Look At The Technicals",https://www.benzinga.com/markets/cryptocurrency/23/07/33106495/bitcoin-consolidates-under-heavy-resistance-prints-bullish-pattern-a-look-at-the-technical,20230704T152508,['Melanie Schaffer'],"Bitcoin BTC/USD was trading slightly lower Tuesday in consolidation, while the stock market was closed for Independence Day. The sideways move came after the apex crypto spiked about 2% higher on Monday, when Bitcoin rejected near the $31,500 mark.",https://cdn.benzinga.com/files/images/story/2023/07/04/untitled_design25.jpg?width=1200&height=800&fit=crop,Benzinga,Trading,www.benzinga.com,"[{'topic': 'Financial Markets', 'relevance_score': '0.87644'}]",0.031364,Neutral,"[{'ticker': 'CRYPTO:BTC', 'relevance_score': '0.7414', 'ticker_sentiment_score': '-0.16833', 'ticker_sentiment_label': 'Somewhat-Bearish'}]"
Bitcoin futures premium hits 18-month high - Time to flip bullish?,https://cointelegraph.com/news/bitcoin-futures-premium-18-month-high-flip-bullish,20230704T151738,[],The Bitcoin futures' premium surge is having traders ask whether this is excitement or a return to the average after a multi-month bear market.,https://s3.cointelegraph.com/uploads/2023-07/edaf23b9-7b1f-4d6b-a8e4-96a926576cba.png,Cointelegraph,n/a,cointelegraph.com,"[{'topic': 'Economy - Monetary', 'relevance_score': '0.576289'}, {'topic': 'Blockchain', 'relevance_score': '0.158519'}, {'topic': 'Financial Markets', 'relevance_score': '0.891286'}]",0.139857,Neutral,"[{'ticker': 'CRYPTO:BTC', 'relevance_score': '0.574866', 'ticker_sentiment_score': '0.063394', 'ticker_sentiment_label': 'Neutral'}]"
Bitcoin Cash Decreases More Than 3% Within 24 hours,https://www.benzinga.com/markets/cryptocurrency/23/07/33107279/bitcoin-cash-decreases-more-than-3-within-24-hours,20230704T150026,['Benzinga Insights'],"Bitcoin Cash's BCH/USD price has decreased 3.68% over the past 24 hours to $280.87. This is contrary to the coins performance over the past week where it has experienced an up-trend of 21.0%, moving from $233.03 to its current price.",https://cdn.benzinga.com/files/images/story/2023/crypto_movers_image_0.png?width=1200&height=800&fit=crop,Benzinga,Markets,www.benzinga.com,"[{'topic': 'Financial Markets', 'relevance_score': '0.108179'}]",-0.048956,Neutral,"[{'ticker': 'CRYPTO:BTC', 'relevance_score': '0.42503', 'ticker_sentiment_score': '-0.101161', 'ticker_sentiment_label': 'Neutral'}, {'ticker': 'CRYPTO:BCH', 'relevance_score': '0.59972', 'ticker_sentiment_score': '-0.08357', 'ticker_sentiment_label': 'Neutral'}]"
BlackRock to collaborate with Coinbase for 'surveillance-sharing' | The Financial Express,https://www.financialexpress.com/business/blockchain-blackrock-to-collaborate-with-coinbase-for-surveillance-sharing-3155632/,20230704T135511,[],BlackRock to collaborate with Coinbase for 'surveillance-sharing' The Financial Express ...,https://www.financialexpress.com/wp-content/uploads/2023/05/Image-credit-Freepik139.jpg,The Financial Express,n/a,www.financialexpress.com,"[{'topic': 'Finance', 'relevance_score': '1.0'}, {'topic': 'Blockchain', 'relevance_score': '0.310843'}, {'topic': 'Financial Markets', 'relevance_score': '0.904684'}]",0.167879,Somewhat-Bullish,"[{'ticker': 'BLK', 'relevance_score': '0.269776', 'ticker_sentiment_score': '0.262413', 'ticker_sentiment_label': 'Somewhat-Bullish'}, {'ticker': 'COIN', 'relevance_score': '0.509589', 'ticker_sentiment_score': '0.343481', 'ticker_sentiment_label': 'Somewhat-Bullish'}, {'ticker': 'CRYPTO:BTC', 'relevance_score': '0.832201', 'ticker_sentiment_score': '0.426617', 'ticker_sentiment_label': 'Bullish'}]"
"Justin Bieber's Bored Ape NFT Takes A Dive, Leaving Him With A Loss Of Over $1.2M",https://www.benzinga.com/markets/cryptocurrency/23/07/33106616/justin-biebers-bored-ape-nft-takes-a-dive-leaving-him-with-a-loss-of-over-1-2m,20230704T135146,['Mehab Qureshi'],"The Bored Ape NFT that Justin Bieber purchased in January 2022 has witnessed a substantial drop in value. The 29-year-old pop star, who rose to fame at 16 with the hit ""Baby,"" lost over $1.2 million on an NFT investment.",https://cdn.benzinga.com/files/images/story/2023/justin_bieber_budiey.jpeg?width=1200&height=800&fit=crop,Benzinga,Markets,www.benzinga.com,"[{'topic': 'Finance', 'relevance_score': '1.0'}, {'topic': 'Blockchain', 'relevance_score': '0.9545'}, {'topic': 'Financial Markets', 'relevance_score': '0.684621'}]",0.022088,Neutral,"[{'ticker': 'BLK', 'relevance_score': '0.136888', 'ticker_sentiment_score': '-0.119335', 'ticker_sentiment_label': 'Neutral'}, {'ticker': 'CRYPTO:BTC', 'relevance_score': '0.136888', 'ticker_sentiment_score': '-0.119335', 'ticker_sentiment_label': 'Neutral'}, {'ticker': 'CRYPTO:ETH', 'relevance_score': '0.61135', 'ticker_sentiment_score': '-0.37168', 'ticker_sentiment_label': 'Bearish'}, {'ticker': 'CRYPTO:DOGE', 'relevance_score': '0.136888', 'ticker_sentiment_score': '-0.119335', 'ticker_sentiment_label': 'Neutral'}]"
"Man Sold House At Peak of 2021 Bull Run, Invested Proceeds In This Crypto - Here's What Happened Next",https://www.benzinga.com/markets/cryptocurrency/23/07/33106500/man-sold-house-at-peak-of-2021-bull-run-invested-proceeds-in-this-crypto-heres-what-happen,20230704T133015,['Mehab Qureshi'],"In a yet-to-be-released documentary titled ""The Highest of Stakes,"" a man may have sold his house during the peak of the 2021 bull run, opting to invest the proceeds in a cryptocurrency known as HEX. What Happened: The snippet of the documentary's trailer has caught the attention of crypto ...",https://cdn.benzinga.com/files/images/story/2023/Cryptocurrency_Photo_by_Igor_Faun_on_Shutterstock_10.jpeg?width=1200&height=800&fit=crop,Benzinga,Markets,www.benzinga.com,"[{'topic': 'Financial Markets', 'relevance_score': '0.839681'}, {'topic': 'Technology', 'relevance_score': '0.5'}, {'topic': 'Finance', 'relevance_score': '0.5'}, {'topic': 'Blockchain', 'relevance_score': '0.451494'}]",0.082403,Neutral,"[{'ticker': 'BLK', 'relevance_score': '0.124809', 'ticker_sentiment_score': '-0.114048', 'ticker_sentiment_label': 'Neutral'}, {'ticker': 'GOOG', 'relevance_score': '0.124809', 'ticker_sentiment_score': '-0.109413', 'ticker_sentiment_label': 'Neutral'}, {'ticker': 'CRYPTO:BTC', 'relevance_score': '0.124809', 'ticker_sentiment_score': '-0.114048', 'ticker_sentiment_label': 'Neutral'}, {'ticker': 'CRYPTO:ETH', 'relevance_score': '0.362505', 'ticker_sentiment_score': '0.111984', 'ticker_sentiment_label': 'Neutral'}, {'ticker': 'CRYPTO:DOGE', 'relevance_score': '0.124809', 'ticker_sentiment_score': '-0.114048', 'ticker_sentiment_label': 'Neutral'}]"
New Bitcoin Standard BRC-69 Removes Data Limit for Ordinals,https://decrypt.co/147270/new-bitcoin-standard-brc-69-removes-data-limit-ordinals,20230704T130128,['Decrypt / Pedro Solimano'],"The innovation is ""recursive inscriptions,"" which extract information from already existing Bitcoin inscriptions to create newer ones.",https://cdn.decrypt.co/resize/1024/height/512/wp-content/uploads/2023/07/bitcoin-data-crypto-gID_7.jpg,Decrypt.co,n/a,decrypt.co,"[{'topic': 'Blockchain', 'relevance_score': '0.451494'}]",0.064289,Neutral,"[{'ticker': 'CRYPTO:BTC', 'relevance_score': '0.718485', 'ticker_sentiment_score': '0.189074', 'ticker_sentiment_label': 'Somewhat-Bullish'}]"
New Bitcoin Standard BRC-69 Plummets Data Limit for Ordinals,https://decrypt.co/147270/new-bitcoin-standard-brc-69-plummets-data-limit-ordinals,20230704T130128,['Decrypt / Pedro Solimano'],"The innovation is ""recursive inscriptions,"" which extract information from already existing Bitcoin inscriptions to create newer ones.",https://cdn.decrypt.co/resize/1024/height/512/wp-content/uploads/2023/07/bitcoin-data-crypto-gID_7.jpg,Decrypt.co,n/a,decrypt.co,"[{'topic': 'Blockchain', 'relevance_score': '0.451494'}]",0.064289,Neutral,"[{'ticker': 'CRYPTO:BTC', 'relevance_score': '0.718485', 'ticker_sentiment_score': '0.189074', 'ticker_sentiment_label': 'Somewhat-Bullish'}]"
Bitcoin ETF race begins: Has institutional trust returned to crypto?,https://cointelegraph.com/news/bitcoin-etf-race-begins-has-institutional-trust-returned-to-crypto,20230704T130100,[],"Seven institutional firms have filed for a spot Bitcoin ETF in the U.S., including the world's largest asset manager BlackRock, driving optimism and higher Bitcoin prices.",https://s3.cointelegraph.com/uploads/2023-07/c2e1baf4-4cb6-46af-ac25-4a53c7413d63.jpeg,Cointelegraph,n/a,cointelegraph.com,"[{'topic': 'Economy - Monetary', 'relevance_score': '0.576289'}, {'topic': 'Financial Markets', 'relevance_score': '0.999989'}, {'topic': 'Manufacturing', 'relevance_score': '0.333333'}, {'topic': 'Technology', 'relevance_score': '0.333333'}, {'topic': 'Finance', 'relevance_score': '0.333333'}, {'topic': 'Blockchain', 'relevance_score': '0.928139'}]",0.117093,Neutral,"[{'ticker': 'BLK', 'relevance_score': '0.129342', 'ticker_sentiment_score': '0.124218', 'ticker_sentiment_label': 'Neutral'}, {'ticker': 'MSTR', 'relevance_score': '0.129342', 'ticker_sentiment_score': '0.015798', 'ticker_sentiment_label': 'Neutral'}, {'ticker': 'TSLA', 'relevance_score': '0.032469', 'ticker_sentiment_score': '0.129036', 'ticker_sentiment_label': 'Neutral'}, {'ticker': 'IVZ', 'relevance_score': '0.032469', 'ticker_sentiment_score': '0.0', 'ticker_sentiment_label': 'Neutral'}, {'ticker': 'WT', 'relevance_score': '0.032469', 'ticker_sentiment_score': '0.0', 'ticker_sentiment_label': 'Neutral'}, {'ticker': 'CRYPTO:BTC', 'relevance_score': '0.845755', 'ticker_sentiment_score': '0.281289', 'ticker_sentiment_label': 'Somewhat-Bullish'}]"
Venture capital's ICO gambits left Bitcoin ecosystem underfunded - Adam Back,https://cointelegraph.com/news/blockstream-ceo-adam-back-venture-capital-s-ico-gambits-left-bitcoin-ecosystem-underfunded,20230704T125838,[],"Venture capitalists have favoured ICOs in recent years, but Bitcoin-related startups are seeing renewed interest from investors.",https://s3.cointelegraph.com/uploads/2023-07/45be5da2-b5b3-4323-8751-67f59101e79a.jpg,Cointelegraph,n/a,cointelegraph.com,"[{'topic': 'Blockchain', 'relevance_score': '0.451494'}, {'topic': 'Financial Markets', 'relevance_score': '0.214378'}]",0.181703,Somewhat-Bullish,"[{'ticker': 'CRYPTO:BTC', 'relevance_score': '0.895837', 'ticker_sentiment_score': '0.378232', 'ticker_sentiment_label': 'Bullish'}, {'ticker': 'CRYPTO:ETH', 'relevance_score': '0.099476', 'ticker_sentiment_score': '0.026808', 'ticker_sentiment_label': 'Neutral'}]"
Bitcoin analyst flags $32.5K launchpad zone for BTC price,https://cointelegraph.com/news/bitcoin-price-analyst-32-5-k-launchpad-btc,20230704T121924,[],"Bitcoin is enjoying ""good consolidation,"" a popular analyst says, as bets on further BTC price upside coming next multiply.",https://s3.cointelegraph.com/uploads/2023-07/1941de72-5482-4f50-9631-afade1641289.jpeg,Cointelegraph,n/a,cointelegraph.com,"[{'topic': 'Financial Markets', 'relevance_score': '0.266143'}]",0.147746,Neutral,"[{'ticker': 'CRYPTO:BTC', 'relevance_score': '0.907244', 'ticker_sentiment_score': '0.19985', 'ticker_sentiment_label': 'Somewhat-Bullish'}]"
South Africa to require crypto exchanges licensing by year-end | The Financial Express,https://www.financialexpress.com/business/blockchain-south-africa-to-require-crypto-exchanges-licensing-by-year-end-3155444/,20230704T114913,[],South Africa to require crypto exchanges licensing by year-end The Financial Express ...,https://www.financialexpress.com/wp-content/uploads/2023/07/Image-credit-Freepik-2023-07-04T171549.935.jpg,The Financial Express,n/a,www.financialexpress.com,"[{'topic': 'Blockchain', 'relevance_score': '0.576289'}, {'topic': 'Financial Markets', 'relevance_score': '0.161647'}]",0.019026,Neutral,"[{'ticker': 'CRYPTO:BTC', 'relevance_score': '0.093289', 'ticker_sentiment_score': '-0.144398', 'ticker_sentiment_label': 'Neutral'}]"
Is Apple's Siri Mistaking BCH For Bitcoin Price? We Tested And Here's What We Found - Banco De Chile  ( NYSE:BCH ) ,https://www.benzinga.com/markets/cryptocurrency/23/07/33105751/is-apples-siri-mistaking-bch-for-bitcoin-price-we-tested-and-heres-what-we-found,20230704T114214,['Mehab Qureshi'],"Multiple users on Crypto Twitter have reported experiencing an unusual glitch when asking Siri, Apple's AAPL virtual assistant, about the price of Bitcoin BTC/USD. Instead of providing the accurate Bitcoin price, Siri allegedly responded with the price of Bitcoin Cash BCH/USD.",https://cdn.benzinga.com/files/images/story/2023/Siri_Photo_by_Piotr_Swat_on_Shutterstock_0.jpeg?width=1200&height=800&fit=crop,Benzinga,Markets,www.benzinga.com,"[{'topic': 'Finance', 'relevance_score': '1.0'}, {'topic': 'Blockchain', 'relevance_score': '0.451494'}, {'topic': 'Financial Markets', 'relevance_score': '0.891286'}]",0.131756,Neutral,"[{'ticker': 'BLK', 'relevance_score': '0.223866', 'ticker_sentiment_score': '0.184172', 'ticker_sentiment_label': 'Somewhat-Bullish'}, {'ticker': 'CRYPTO:BTC', 'relevance_score': '0.844916', 'ticker_sentiment_score': '0.368581', 'ticker_sentiment_label': 'Bullish'}, {'ticker': 'CRYPTO:ETH', 'relevance_score': '0.113062', 'ticker_sentiment_score': '-0.109487', 'ticker_sentiment_label': 'Neutral'}, {'ticker': 'CRYPTO:DOGE', 'relevance_score': '0.113062', 'ticker_sentiment_score': '-0.109487', 'ticker_sentiment_label': 'Neutral'}, {'ticker': 'CRYPTO:BCH', 'relevance_score': '0.430454', 'ticker_sentiment_score': '-0.200434', 'ticker_sentiment_label': 'Somewhat-Bearish'}]"
Crypto Exchange Gemini Tables 'Final' $1.5B Offer for Barry Silbert's DCG,https://decrypt.co/147257/crypto-exchange-gemini-tables-final-1-5b-offer-barry-silberts-dcg,20230704T101054,['Decrypt / Andrew Asmakov'],"Gemini again threatened a lawsuit against DCG and Barry Silbert if they fail to accept the latest offer by July 6, saying ""your games are over."" ...",https://img.decrypt.co/insecure/rs:fit:1536:0:0:0/plain/https://cdn.decrypt.co/wp-content/uploads/2023/07/F0JvKE1WcAEgT81.jpg@webp,Decrypt.co,n/a,decrypt.co,"[{'topic': 'Blockchain', 'relevance_score': '0.576289'}, {'topic': 'Financial Markets', 'relevance_score': '0.161647'}]",-0.096341,Neutral,"[{'ticker': 'CRYPTO:BTC', 'relevance_score': '0.108958', 'ticker_sentiment_score': '0.077356', 'ticker_sentiment_label': 'Neutral'}, {'ticker': 'CRYPTO:ETH', 'relevance_score': '0.108958', 'ticker_sentiment_score': '0.077356', 'ticker_sentiment_label': 'Neutral'}]"
DMG Blockchain Solutions Announces June Production,https://www.globenewswire.com/news-release/2023/07/04/2698886/0/en/DMG-Blockchain-Solutions-Announces-June-Production.html,20230704T092100,['DMG Blockchain Solutions Inc.'],"VANCOUVER, British Columbia, July 04, 2023 ( GLOBE NEWSWIRE ) -- DMG Blockchain Solutions Inc. ( TSX-V: DMGI ) ( OTCQB US: DMGGF ) ( FRANKFURT: 6AX ) ( ""DMG"" ) , a vertically integrated blockchain and cryptocurrency technology company, today announces June preliminary mining results: DMG mined ...",https://ml.globenewswire.com/Resource/Download/7d0c7dc2-5e69-4f76-9752-b1fe62cf95cf,GlobeNewswire,n/a,www.globenewswire.com,"[{'topic': 'Technology', 'relevance_score': '1.0'}, {'topic': 'Blockchain', 'relevance_score': '0.890401'}, {'topic': 'Financial Markets', 'relevance_score': '0.108179'}]",0.105912,Neutral,"[{'ticker': 'GOOG', 'relevance_score': '0.032646', 'ticker_sentiment_score': '0.0', 'ticker_sentiment_label': 'Neutral'}, {'ticker': 'CRYPTO:BTC', 'relevance_score': '0.347437', 'ticker_sentiment_score': '0.073397', 'ticker_sentiment_label': 'Neutral'}, {'ticker': 'CRYPTO:ETH', 'relevance_score': '0.032646', 'ticker_sentiment_score': '0.097831', 'ticker_sentiment_label': 'Neutral'}]"
Aptos Jumps 10% Overnight as South Korea Trading Volumes Spike,https://decrypt.co/147252/aptos-jumps-overnight-south-korea-trading-volumes-spike,20230704T091607,['Decrypt / Nivesh Rustgi'],"Aptos (APT) topped crypto market gains on Tuesday at 10% amid a surge in trading volumes in South Korea. the token was last trading at $8.15, per CoinGecko. 's (BTC) positive price action above $31,000 yesterday has likely added to the positive sentiment. (ETH) buyers are also attempting to move ...",https://cdn.decrypt.co/resize/1024/height/512/wp-content/uploads/2023/07/aptos-token-gID_7.jpg,Decrypt.co,n/a,decrypt.co,"[{'topic': 'Blockchain', 'relevance_score': '0.310843'}, {'topic': 'Financial Markets', 'relevance_score': '0.413559'}]",-0.120964,Neutral,"[{'ticker': 'CRYPTO:BTC', 'relevance_score': '0.272788', 'ticker_sentiment_score': '0.012439', 'ticker_sentiment_label': 'Neutral'}, {'ticker': 'CRYPTO:ETH', 'relevance_score': '0.183895', 'ticker_sentiment_score': '0.231009', 'ticker_sentiment_label': 'Somewhat-Bullish'}, {'ticker': 'CRYPTO:QTUM', 'relevance_score': '0.272788', 'ticker_sentiment_score': '0.16797', 'ticker_sentiment_label': 'Somewhat-Bullish'}, {'ticker': 'CRYPTO:BCH', 'relevance_score': '0.183895', 'ticker_sentiment_score': '-0.098674', 'ticker_sentiment_label': 'Neutral'}, {'ticker': 'CRYPTO:XRP', 'relevance_score': '0.092569', 'ticker_sentiment_score': '-0.012644', 'ticker_sentiment_label': 'Neutral'}]"
Bitcoin Is Rising. How July Fourth Holiday Could Help It to a 13-Month High.,https://www.barrons.com/amp/articles/bitcoin-rising-cryptos-july-fourth-holiday-a5eba849,20230704T084100,['Jack Denton'],Bitcoin Is Rising. How the July Fourth Holiday Could Help It to a 13-Month High. ...,https://images.barrons.com/im-808982/social,Barrons,n/a,www.barrons.com,"[{'topic': 'Blockchain', 'relevance_score': '0.158519'}, {'topic': 'Financial Markets', 'relevance_score': '0.451494'}]",0.282586,Somewhat-Bullish,"[{'ticker': 'CRYPTO:BTC', 'relevance_score': '0.898236', 'ticker_sentiment_score': '0.472918', 'ticker_sentiment_label': 'Bullish'}]"
HIVE Blockchain Technologies  ( NYSE:HIVE )  Rating Increased to Sell at StockNews.com,https://www.defenseworld.net/2023/07/04/hive-blockchain-technologies-nysehive-rating-increased-to-sell-at-stocknews-com.html,20230704T082046,['Defense World Staff'],HIVE Blockchain Technologies ( NYSE:HIVE ) Rating Increased to ... Defense World ...,https://www.marketbeat.com/logos/generic-stocks8.jpg,Stocknews.com,n/a,www.defenseworld.net,"[{'topic': 'Technology', 'relevance_score': '0.5'}, {'topic': 'Blockchain', 'relevance_score': '0.890401'}, {'topic': 'Manufacturing', 'relevance_score': '0.5'}]",0.269539,Somewhat-Bullish,"[{'ticker': 'AYI', 'relevance_score': '0.202366', 'ticker_sentiment_score': '0.104292', 'ticker_sentiment_label': 'Neutral'}, {'ticker': 'HIVE', 'relevance_score': '0.959761', 'ticker_sentiment_score': '0.461369', 'ticker_sentiment_label': 'Bullish'}, {'ticker': 'CRYPTO:BTC', 'relevance_score': '0.202366', 'ticker_sentiment_score': '0.14191', 'ticker_sentiment_label': 'Neutral'}, {'ticker': 'CRYPTO:ETH', 'relevance_score': '0.391923', 'ticker_sentiment_score': '0.236586', 'ticker_sentiment_label': 'Somewhat-Bullish'}, {'ticker': 'CRYPTO:ETC', 'relevance_score': '0.202366', 'ticker_sentiment_score': '0.14191', 'ticker_sentiment_label': 'Neutral'}]"
"HIVE Blockchain Technologies  ( NASDAQ:HIVE )  Upgraded by StockNews.com to ""Sell""",https://www.defenseworld.net/2023/07/04/hive-blockchain-technologies-nasdaqhive-upgraded-by-stocknews-com-to-sell.html,20230704T065644,['Defense World Staff'],HIVE Blockchain Technologies ( NASDAQ:HIVE ) Upgraded by ... Defense World ...,https://www.marketbeat.com/logos/hive-blockchain-technologies-ltd-logo.png?v=20221101141213,Stocknews.com,n/a,www.defenseworld.net,"[{'topic': 'Financial Markets', 'relevance_score': '0.459462'}, {'topic': 'Manufacturing', 'relevance_score': '0.333333'}, {'topic': 'Technology', 'relevance_score': '0.333333'}, {'topic': 'Finance', 'relevance_score': '0.333333'}, {'topic': 'Blockchain', 'relevance_score': '0.99489'}]",0.3479,Somewhat-Bullish,"[{'ticker': 'AYI', 'relevance_score': '0.081552', 'ticker_sentiment_score': '0.122105', 'ticker_sentiment_label': 'Neutral'}, {'ticker': 'HIVE', 'relevance_score': '0.875421', 'ticker_sentiment_score': '0.562782', 'ticker_sentiment_label': 'Bullish'}, {'ticker': 'CCORF', 'relevance_score': '0.081552', 'ticker_sentiment_score': '0.092739', 'ticker_sentiment_label': 'Neutral'}, {'ticker': 'UBS', 'relevance_score': '0.162255', 'ticker_sentiment_score': '0.279987', 'ticker_sentiment_label': 'Somewhat-Bullish'}, {'ticker': 'CRYPTO:BTC', 'relevance_score': '0.081552', 'ticker_sentiment_score': '0.122105', 'ticker_sentiment_label': 'Neutral'}, {'ticker': 'CRYPTO:ETH', 'relevance_score': '0.162255', 'ticker_sentiment_score': '0.161184', 'ticker_sentiment_label': 'Somewhat-Bullish'}, {'ticker': 'CRYPTO:TRC', 'relevance_score': '0.162255', 'ticker_sentiment_score': '0.279987', 'ticker_sentiment_label': 'Somewhat-Bullish'}, {'ticker': 'CRYPTO:ETC', 'relevance_score': '0.081552', 'ticker_sentiment_score': '0.122105', 'ticker_sentiment_label': 'Neutral'}]"
"Despite market volatility, 36% increase crypto allocations: Binance survey",https://www.business-standard.com/finance/personal-finance/despite-market-volatility-36-increase-crypto-allocations-binance-survey-123070400240_1.html,20230704T063300,['Business Standard'],"A minority (17.3%) decreased their crypto allocation. Unsurprisingly, the main concerns of survey participants are regulatory risk (29.7%), counterparty risk (21.6%), custody of assets ...",https://bsmedia.business-standard.com/_media/bs/img/article/2023-07/04/full/1688452481-495.png,Business Standard,Finance,www.business-standard.com,"[{'topic': 'Economy - Monetary', 'relevance_score': '0.158519'}, {'topic': 'Financial Markets', 'relevance_score': '0.87644'}, {'topic': 'Technology', 'relevance_score': '1.0'}, {'topic': 'Blockchain', 'relevance_score': '0.838487'}]",0.12811,Neutral,"[{'ticker': 'SBNY', 'relevance_score': '0.064449', 'ticker_sentiment_score': '0.101095', 'ticker_sentiment_label': 'Neutral'}, {'ticker': 'CRYPTO:BTC', 'relevance_score': '0.428632', 'ticker_sentiment_score': '0.190174', 'ticker_sentiment_label': 'Somewhat-Bullish'}, {'ticker': 'CRYPTO:XCP', 'relevance_score': '0.128478', 'ticker_sentiment_score': '-0.063569', 'ticker_sentiment_label': 'Neutral'}]"
Belarus to restrict peer-to-peer cryptocurrency exchanges | The Financial Express,https://www.financialexpress.com/business/blockchain-belarus-to-restrict-peer-to-peer-cryptocurrency-exchanges-3154689/,20230704T062657,[],Belarus to restrict peer-to-peer cryptocurrency exchanges The Financial Express ...,https://www.financialexpress.com/wp-content/uploads/2023/06/Image-credit-Freepik-2023-06-13T181852.647.jpg,The Financial Express,n/a,www.financialexpress.com,"[{'topic': 'Blockchain', 'relevance_score': '0.451494'}]",-0.221401,Somewhat-Bearish,"[{'ticker': 'CRYPTO:BTC', 'relevance_score': '0.247838', 'ticker_sentiment_score': '0.058166', 'ticker_sentiment_label': 'Neutral'}]"
Crypto firms won't leave US despite apparent hostility: Merkle Science CEO,https://cointelegraph.com/news/crypto-firms-wont-leave-us-despite-sec-merkle-science-ceo,20230704T060021,[],"Merkle Science CEO Mriganka Pattnaik has offered a ""contrarian"" take, explaining that crypto firms won't be vanishing from the United States anytime soon.",https://images.cointelegraph.com/images/1200_aHR0cHM6Ly9zMy5jb2ludGVsZWdyYXBoLmNvbS91cGxvYWRzLzIwMjMtMDcvYzAwOTUxOWQtMWFiMC00ZWU4LWE4OGUtMmRiZjNiMWQyZTc5LmpwZw==.jpg,Cointelegraph,n/a,cointelegraph.com,"[{'topic': 'Finance', 'relevance_score': '1.0'}, {'topic': 'Blockchain', 'relevance_score': '0.310843'}]",0.138046,Neutral,"[{'ticker': 'COIN', 'relevance_score': '0.247838', 'ticker_sentiment_score': '-0.092617', 'ticker_sentiment_label': 'Neutral'}, {'ticker': 'CRYPTO:BTC', 'relevance_score': '0.083833', 'ticker_sentiment_score': '0.0', 'ticker_sentiment_label': 'Neutral'}]"
Winklevoss slams DCG's Silbert - Not even SBF was 'capable of such delusion',https://cointelegraph.com/news/cameron-winklevoss-open-letter-barry-silbert-final-offer,20230704T050725,[],"In an open letter, Cameron Winklevoss slammed DCG's Barry Silbert for allegedly playing the victim card while owing $1.2 billion to Gemini's 232,000 Earn customers.",https://s3.cointelegraph.com/uploads/2023-07/026eef18-aca1-47bd-b502-da161b8d7c72.PNG,Cointelegraph,n/a,cointelegraph.com,"[{'topic': 'Blockchain', 'relevance_score': '0.310843'}]",-0.157751,Somewhat-Bearish,"[{'ticker': 'FOREX:USD', 'relevance_score': '0.18602', 'ticker_sentiment_score': '-0.219532', 'ticker_sentiment_label': 'Somewhat-Bearish'}, {'ticker': 'CRYPTO:BTC', 'relevance_score': '0.18602', 'ticker_sentiment_score': '-0.219532', 'ticker_sentiment_label': 'Somewhat-Bearish'}, {'ticker': 'CRYPTO:ETH', 'relevance_score': '0.18602', 'ticker_sentiment_score': '-0.219532', 'ticker_sentiment_label': 'Somewhat-Bearish'}, {'ticker': 'CRYPTO:AVAX', 'relevance_score': '0.093653', 'ticker_sentiment_score': '-0.157178', 'ticker_sentiment_label': 'Somewhat-Bearish'}]"
"Pepe Coin Outperforms Shiba Inu, Dogecoin With 9% Gains - How Many Frog Tokens Can You Buy For $1",https://www.benzinga.com/markets/cryptocurrency/23/07/33104044/pepe-coin-outperforms-shiba-inu-dogecoin-with-9-gains-how-many-frog-tokens-can-you-buy-for,20230704T050041,['Mehab Qureshi'],"Pepe Coin PEPE/USD surged by 9% in the last 24 hours, outperforming top meme coins such as Dogecoin DOGE/USD and Shiba Inu SHIB/USD in terms of market capitalization.",https://cdn.benzinga.com/files/images/story/2023/Pepe_Meme_Tokens_7.jpeg?width=1200&height=800&fit=crop,Benzinga,Markets,www.benzinga.com,"[{'topic': 'Finance', 'relevance_score': '1.0'}, {'topic': 'Blockchain', 'relevance_score': '0.310843'}, {'topic': 'Financial Markets', 'relevance_score': '0.538269'}]",0.30432,Somewhat-Bullish,"[{'ticker': 'BLK', 'relevance_score': '0.269776', 'ticker_sentiment_score': '0.140824', 'ticker_sentiment_label': 'Neutral'}, {'ticker': 'TRMNF', 'relevance_score': '0.136888', 'ticker_sentiment_score': '0.256425', 'ticker_sentiment_label': 'Somewhat-Bullish'}, {'ticker': 'WT', 'relevance_score': '0.136888', 'ticker_sentiment_score': '0.222505', 'ticker_sentiment_label': 'Somewhat-Bullish'}, {'ticker': 'CRYPTO:BTC', 'relevance_score': '0.269776', 'ticker_sentiment_score': '0.140824', 'ticker_sentiment_label': 'Neutral'}, {'ticker': 'CRYPTO:ETH', 'relevance_score': '0.395012', 'ticker_sentiment_score': '0.300098', 'ticker_sentiment_label': 'Somewhat-Bullish'}, {'ticker': 'CRYPTO:SHIB', 'relevance_score': '0.395012', 'ticker_sentiment_score': '0.531014', 'ticker_sentiment_label': 'Bullish'}, {'ticker': 'CRYPTO:DOGE', 'relevance_score': '0.509589', 'ticker_sentiment_score': '0.44233', 'ticker_sentiment_label': 'Bullish'}]"
Bitcoin Trounced Stocks in the First Half. What Comes Next.,https://www.barrons.com/articles/bitcoin-cryptos-stocks-forecasts-112d416a,20230704T040100,['Jack Denton'],Bitcoin Trounced Stocks in the First Half. What Comes Next for Cryptos. ...,https://images.barrons.com/im-808727/social,Barrons,n/a,www.barrons.com,"[{'topic': 'Blockchain', 'relevance_score': '0.158519'}]",0.295928,Somewhat-Bullish,"[{'ticker': 'CRYPTO:BTC', 'relevance_score': '0.837089', 'ticker_sentiment_score': '0.481381', 'ticker_sentiment_label': 'Bullish'}]"
Cameron Winklevoss Presents $1.5B 'Final Offer' In Genesis Debt Talks To Barry Silbert: 'Your Games Are Over',https://www.benzinga.com/markets/cryptocurrency/23/07/33103842/cameron-winklevoss-presents-1-5b-final-offer-in-genesis-debt-talks-to-barry-silbert-your-g,20230704T034146,['Mehab Qureshi'],"Cameron Winklevoss, the co-founder of the popular crypto exchange Gemini on Monday made a ""final offer"" to resolve the ongoing debt-restructuring talks concerning Genesis, a bankrupt digital-asset firm.",https://cdn.benzinga.com/files/images/story/2023/Cameron_and_Tyler_Winklevoss_Photo_by_Rena_Schild_on_Shutterstock_0.jpeg?width=1200&height=800&fit=crop,Benzinga,Markets,www.benzinga.com,"[{'topic': 'Finance', 'relevance_score': '1.0'}, {'topic': 'Blockchain', 'relevance_score': '0.451494'}, {'topic': 'Financial Markets', 'relevance_score': '0.360215'}]",0.009629,Neutral,"[{'ticker': 'BLK', 'relevance_score': '0.076847', 'ticker_sentiment_score': '-0.100195', 'ticker_sentiment_label': 'Neutral'}, {'ticker': 'CRYPTO:BTC', 'relevance_score': '0.227716', 'ticker_sentiment_score': '0.071697', 'ticker_sentiment_label': 'Neutral'}, {'ticker': 'CRYPTO:ETH', 'relevance_score': '0.227716', 'ticker_sentiment_score': '0.071697', 'ticker_sentiment_label': 'Neutral'}, {'ticker': 'CRYPTO:DOGE', 'relevance_score': '0.076847', 'ticker_sentiment_score': '-0.100195', 'ticker_sentiment_label': 'Neutral'}]"
"Bitcoin, Ethereum, Dogecoin Rise After BlackRock Refiles Spot ETF: Analyst Says Traders 'Impatient' As King Crypto Remains Boringly Rangebound",https://www.benzinga.com/markets/cryptocurrency/23/07/33103722/bitcoin-ethereum-dogecoin-rise-after-blackrock-refiles-spot-etf-analyst-says-traders-impat,20230704T024626,['Mehab Qureshi'],Major cryptocurrencies surged on Monday evening as Blackrock resubmitted its Bitcoin exchange-traded fund ( ETF ) application in the United States. What Happened: BlackRock has submitted an amended application for a Bitcoin ETF after the SEC deemed their initial filing inadequate.,https://cdn.benzinga.com/files/images/story/2023/Cryptocurrency_Photo_by_FellowNeko_on_Shutterstock_5.jpeg?width=1200&height=800&fit=crop,Benzinga,Markets,www.benzinga.com,"[{'topic': 'Finance', 'relevance_score': '1.0'}, {'topic': 'Blockchain', 'relevance_score': '0.451494'}, {'topic': 'Financial Markets', 'relevance_score': '0.983783'}]",0.123146,Neutral,"[{'ticker': 'BLK', 'relevance_score': '0.221819', 'ticker_sentiment_score': '0.00348', 'ticker_sentiment_label': 'Neutral'}, {'ticker': 'COIN', 'relevance_score': '0.112008', 'ticker_sentiment_score': '0.100244', 'ticker_sentiment_label': 'Neutral'}, {'ticker': 'CRYPTO:BTC', 'relevance_score': '0.675825', 'ticker_sentiment_score': '-0.003777', 'ticker_sentiment_label': 'Neutral'}]"
Bitcoin remains 'primary focus' for investors amid year highs: CoinShares,https://cointelegraph.com/news/bitcoin-primary-focus-investors-amid-year-highs-coinshares,20230704T022655,[],Bitcoin investment products have experienced $310.6 million in inflows over the last two weeks.,https://s3.cointelegraph.com/uploads/2023-07/fefe9a5a-e627-4daa-9cca-c303a9f24535.png,Cointelegraph,n/a,cointelegraph.com,"[{'topic': 'Finance', 'relevance_score': '1.0'}, {'topic': 'Blockchain', 'relevance_score': '0.682689'}, {'topic': 'Financial Markets', 'relevance_score': '0.650727'}]",0.108983,Neutral,"[{'ticker': 'IVZ', 'relevance_score': '0.115787', 'ticker_sentiment_score': '0.269397', 'ticker_sentiment_label': 'Somewhat-Bullish'}, {'ticker': 'CRYPTO:BTC', 'relevance_score': '0.919462', 'ticker_sentiment_score': '0.23721', 'ticker_sentiment_label': 'Somewhat-Bullish'}, {'ticker': 'CRYPTO:ETH', 'relevance_score': '0.229149', 'ticker_sentiment_score': '0.082545', 'ticker_sentiment_label': 'Neutral'}]"
